"tag","file"
"__NO_TAG__",".pytest_cache\README.md"
"__NO_TAG__",".windsurf\rules.md"
"__NO_TAG__",".windsurf\rules\00-constitution.md"
"__NO_TAG__",".windsurf\rules\01-workflow.md"
"__NO_TAG__",".windsurf\workflows\cnt-start.md"
"__NO_TAG__","AGENTS.md"
"__NO_TAG__","docs\2026-04-27.md"
"__NO_TAG__","docs\breakout_v3 allowed signal log.md"
"__NO_TAG__","docs\CNT AUTO DASHBOARD.md"
"__NO_TAG__","docs\CNT AUTOMATION TOOLS USAGE GUIDE.md"
"__NO_TAG__","docs\CNT DATA DASHBOARD.md"
"__NO_TAG__","docs\CNT DOCS KOREAN MIGRATION PLAN.md"
"__NO_TAG__","docs\CNT DOCS KOREAN MIRROR POLICY.md"
"__NO_TAG__","docs\CNT DOCUMENT LINK AND NAMING NORMALIZATION REPORT.md"
"__NO_TAG__","docs\CNT GRAPH LINKS SIMPLIFICATION REPORT.md"
"__NO_TAG__","docs\CNT GRAPH VIEW COLOR CONFIGURATION.md"
"__NO_TAG__","docs\CNT LINKS FIX REPORT.md"
"__NO_TAG__","docs\CNT OBSIDIAN GRAPH HARD SIMPLIFICATION REPORT.md"
"__NO_TAG__","docs\CNT OBSIDIAN PARENT-LINK SIMPLIFICATION REPORT.md"
"__NO_TAG__","docs\CNT OBSIDIAN PLUGIN POLICY.md"
"__NO_TAG__","docs\CNT OBSIDIAN VERSION VISUALIZATION SETUP.md"
"__NO_TAG__","docs\CNT OPERATIONS DASHBOARD GUIDE.md"
"__NO_TAG__","docs\CNT POST LIVE READY OPTIMIZATION MEMO.md"
"__NO_TAG__","docs\CNT REPOSITORY CLEANUP REPORT.md"
"__NO_TAG__","docs\CNT SYNTHETIC ARCHITECTURE RISK MEMO.md"
"__NO_TAG__","docs\CNT TOOLCHAIN INTEGRATION REPORT.md"
"__NO_TAG__","docs\CNT v1.1 ARCHITECTURE DESIGN DOCUMENT.md"
"__NO_TAG__","docs\CNT v1.1 IMPLEMENTATION VALIDATION CHECKLIST.md"
"__NO_TAG__","docs\CNT v1.1 IMPLEMENTATION VALIDATION REPORT.md"
"__NO_TAG__","docs\CNT v1.1 IMPLEMENTATION WORK INSTRUCTION.md"
"__NO_TAG__","docs\CNT v1.1 STAGE 2 ARCHITECTURE DESIGN DOCUMENT.md"
"__NO_TAG__","docs\CNT v1.1 STAGE 2 IMPLEMENTATION VALIDATION CHECKLIST.md"
"__NO_TAG__","docs\CNT v1.1 STAGE 2 IMPLEMENTATION VALIDATION REPORT.md"
"__NO_TAG__","docs\CNT v1.1 STAGE 2 IMPLEMENTATION WORK INSTRUCTION.md"
"__NO_TAG__","docs\CNT v2 ARCHITECTURE DESIGN DOCUMENT.md"
"__NO_TAG__","docs\CNT v2 AUTO VALIDATION & DECISION SYSTEM PROGRESS REPORT.md"
"__NO_TAG__","docs\CNT v2 AUTO VALIDATION & DECISION SYSTEM WORK INSTRUCTION.md"
"__NO_TAG__","docs\CNT v2 BREAKOUT A B VALIDATION PLAN.md"
"__NO_TAG__","docs\CNT v2 BREAKOUT COMPLETION ALERT REPORT.md"
"__NO_TAG__","docs\CNT v2 BREAKOUT FIRST TRADE REVIEW.md"
"__NO_TAG__","docs\CNT v2 BREAKOUT ISOLATION FINAL REVIEW.md"
"__NO_TAG__","docs\CNT v2 BREAKOUT ISOLATION MIDPOINT CHECK.md"
"__NO_TAG__","docs\CNT v2 BREAKOUT ISOLATION OBSERVATION WINDOW SPEC.md"
"__NO_TAG__","docs\CNT v2 BREAKOUT ISOLATION RUNTIME START.md"
"__NO_TAG__","docs\CNT v2 BREAKOUT LAST 3 TRADES REVIEW.md"
"__NO_TAG__","docs\CNT v2 BREAKOUT QUALITY EVALUATION REPORT.md"
"__NO_TAG__","docs\CNT v2 BREAKOUT REVIEW TIMER PLAN.md"
"__NO_TAG__","docs\CNT v2 BREAKOUT REVIEW TIMER REPORT.md"
"__NO_TAG__","docs\CNT v2 BREAKOUT TIMER JUDGMENT REPORT.md"
"__NO_TAG__","docs\CNT v2 BREAKOUT TREND FILTER CHANGE PLAN.md"
"__NO_TAG__","docs\CNT v2 BREAKOUT TREND FILTER CHANGE REPORT.md"
"__NO_TAG__","docs\CNT v2 BREAKOUT TREND FILTER REDESIGN PLAN.md"
"__NO_TAG__","docs\CNT v2 BREAKOUT TREND FILTER REDESIGN REPORT.md"
"__NO_TAG__","docs\CNT v2 BREAKOUT TREND FILTER REVIEW INSTRUCTION.md"
"__NO_TAG__","docs\CNT v2 BREAKOUT TREND FILTER REVIEW REPORT.md"
"__NO_TAG__","docs\CNT v2 BREAKOUT V1 ACTIVE ISOLATION DECISION.md"
"__NO_TAG__","docs\CNT v2 BREAKOUT V1 ACTIVE ISOLATION IMPLEMENTATION REPORT.md"
"__NO_TAG__","docs\CNT v2 BREAKOUT V1 RELAXATION CONTINUATION NOTE.md"
"__NO_TAG__","docs\CNT v2 BREAKOUT V1 RELAXATION EXPERIMENT PLAN.md"
"__NO_TAG__","docs\CNT v2 BREAKOUT V1 RELAXATION EXPERIMENT REPORT.md"
"__NO_TAG__","docs\CNT v2 BREAKOUT V2 CANDIDATE VALIDATION START.md"
"__NO_TAG__","docs\CNT v2 BREAKOUT V2 DESIGN.md"
"__NO_TAG__","docs\CNT v2 BREAKOUT V2 EXPANDED SHADOW OBSERVATION REVIEW.md"
"__NO_TAG__","docs\CNT v2 BREAKOUT V2 FILTER STACK DECOMPOSITION REVIEW.md"
"__NO_TAG__","docs\CNT v2 BREAKOUT V2 GATE REDUNDANCY REVIEW.md"
"__NO_TAG__","docs\CNT v2 BREAKOUT V2 REDESIGN PREPARATION.md"
"__NO_TAG__","docs\CNT v2 BREAKOUT V2 SHADOW RUNTIME IMPLEMENTATION.md"
"__NO_TAG__","docs\CNT v2 BREAKOUT V2 SHADOW RUNTIME INTEGRATION.md"
"__NO_TAG__","docs\CNT v2 BREAKOUT V2 SHADOW RUNTIME VERIFICATION.md"
"__NO_TAG__","docs\CNT v2 BREAKOUT V2 SHADOW SCHEMA EXPANSION IMPLEMENTATION.md"
"__NO_TAG__","docs\CNT v2 BREAKOUT V2 SHADOW SCHEMA EXPANSION PLAN.md"
"__NO_TAG__","docs\CNT v2 BREAKOUT V2 SHADOW SCHEMA LIMITATION REVIEW.md"
"__NO_TAG__","docs\CNT v2 BREAKOUT V2 SHADOW SNAPSHOT EXPANSION IMPLEMENTATION.md"
"__NO_TAG__","docs\CNT v2 BREAKOUT V2 SHADOW VALIDATION SPEC.md"
"__NO_TAG__","docs\CNT v2 BREAKOUT V2 STATUS RECLASSIFICATION.md"
"__NO_TAG__","docs\CNT v2 BREAKOUT V2 VALIDATION WINDOW START.md"
"__NO_TAG__","docs\CNT v2 BREAKOUT V2 VOLATILITY BLOCKED SUBSET REVIEW.md"
"__NO_TAG__","docs\CNT v2 BREAKOUT V3 DESIGN DRAFT.md"
"__NO_TAG__","docs\CNT v2 BREAKOUT V3 FIRST SHADOW OBSERVATION REVIEW.md"
"__NO_TAG__","docs\CNT v2 BREAKOUT V3 SETUP BOTTLENECK ISOLATION REPORT.md"
"__NO_TAG__","docs\CNT v2 BREAKOUT V3 SHADOW EVALUATOR IMPLEMENTATION REPORT.md"
"__NO_TAG__","docs\CNT v2 BREAKOUT V3 SHADOW OBSERVATION WINDOW START.md"
"__NO_TAG__","docs\CNT v2 BREAKOUT V3 SHADOW OUTPUT REBASELINE REPORT.md"
"__NO_TAG__","docs\CNT v2 BREAKOUT V3 SHADOW RUNTIME INTEGRATION IMPLEMENTATION REPORT.md"
"__NO_TAG__","docs\CNT v2 BREAKOUT V3 SHADOW RUNTIME ONE-SHOT VERIFICATION.md"
"__NO_TAG__","docs\CNT v2 BREAKOUT V3 SHADOW VALIDATION RUNTIME INTEGRATION PLAN.md"
"__NO_TAG__","docs\CNT v2 CANDIDATE RECOVERY STAGE 2 REPORT.md"
"__NO_TAG__","docs\CNT v2 CURRENT STATUS ASSESSMENT.md"
"__NO_TAG__","docs\CNT v2 DASHBOARD AUXILIARY RECOVERY VIEW REPORT.md"
"__NO_TAG__","docs\CNT v2 DASHBOARD ESSENTIAL VIEW REFINEMENT REPORT.md"
"__NO_TAG__","docs\CNT v2 DASHBOARD PATCH TARGET MAPPING.md"
"__NO_TAG__","docs\CNT v2 DASHBOARD PULLBACK-ONLY OBSERVATION UPGRADE REPORT.md"
"__NO_TAG__","docs\CNT v2 DASHBOARD SETUP BOTTLENECK ISOLATION UPGRADE REPORT.md"
"__NO_TAG__","docs\CNT v2 DASHBOARD WARNING ENHANCEMENT INSTRUCTION.md"
"__NO_TAG__","docs\CNT v2 DATA COLLECTION AND LIVE GATE VALIDATION REPORT.md"
"__NO_TAG__","docs\CNT v2 EMPTY MARKDOWN FILE REVIEW.md"
"__NO_TAG__","docs\CNT v2 ENGINE DECOMPOSITION DESIGN.md"
"__NO_TAG__","docs\CNT v2 ENGINEERING PHASE PLAN.md"
"__NO_TAG__","docs\CNT V2 EOL NORMALIZATION AND REPORT HARDENING REPORT.md"
"__NO_TAG__","docs\CNT V2 EOL NORMALIZATION AND REPORT HARDENING WORK INSTRUCTION.md"
"__NO_TAG__","docs\CNT v2 EXIT FAILSAFE OPERATION CHECKLIST.md"
"__NO_TAG__","docs\CNT v2 EXIT FAILSAFE OPERATION REPORT.md"
"__NO_TAG__","docs\CNT v2 EXIT FAILSAFE PATCH REPORT.md"
"__NO_TAG__","docs\CNT v2 FRESH CYCLE OBSERVABILITY VALIDATION PLAN.md"
"__NO_TAG__","docs\CNT v2 FRESH CYCLE OBSERVABILITY VALIDATION REPORT.md"
"__NO_TAG__","docs\CNT v2 GATE DISPLAY ACTUAL PATCH SPEC.md"
"__NO_TAG__","docs\CNT v2 GATE DISPLAY CONSISTENCY AUDIT.md"
"__NO_TAG__","docs\CNT v2 IMPLEMENTATION HYGIENE CHECK.md"
"__NO_TAG__","docs\CNT v2 IMPLEMENTATION WORK INSTRUCTION.md"
"__NO_TAG__","docs\CNT v2 LIVE GATE ALIGNMENT REPORT.md"
"__NO_TAG__","docs\CNT v2 LIVE READINESS REPORT.md"
"__NO_TAG__","docs\CNT v2 LIVE READY POST-READINESS MONITORING PLAN.md"
"__NO_TAG__","docs\CNT v2 LOGS FOLDER HYGIENE REPORT.md"
"__NO_TAG__","docs\CNT v2 METRICS AND STRATEGY ATTRIBUTION FIX REPORT.md"
"__NO_TAG__","docs\CNT v2 NEXT PHASE PLAN.md"
"__NO_TAG__","docs\CNT v2 NEXT PHASE PLANNING REPORT.md"
"__NO_TAG__","docs\CNT v2 OBSERVABILITY AGGREGATION PATCH REPORT.md"
"__NO_TAG__","docs\CNT v2 OBSERVABILITY IMPLEMENTATION REPORT.md"
"__NO_TAG__","docs\CNT v2 OBSERVABILITY PRIORITY PLAN.md"
"__NO_TAG__","docs\CNT v2 OBSERVABILITY VALIDATION GATE.md"
"__NO_TAG__","docs\CNT v2 OBSIDIAN INTEGRATED OPERATING PROTOCOL.md"
"__NO_TAG__","docs\CNT v2 OBSIDIAN REVIEW WORKFLOW GUIDE.md"
"__NO_TAG__","docs\CNT v2 OFFICIAL LIVE GATE RETENTION AND AUXILIARY RECOVERY PLAN.md"
"__NO_TAG__","docs\CNT v2 OPERATIONAL ANALYSIS REPORT.md"
"__NO_TAG__","docs\CNT v2 PATCH WORK INSTRUCTION.md"
"__NO_TAG__","docs\CNT v2 PERFORMANCE TUNING LOG.md"
"__NO_TAG__","docs\CNT v2 PERFORMANCE TUNING VALIDATION REPORT.md"
"__NO_TAG__","docs\CNT v2 PERFORMANCE TUNING WORK INSTRUCTION.md"
"__NO_TAG__","docs\CNT v2 PERFORMANCE VALIDATION CHECKLIST.md"
"__NO_TAG__","docs\CNT v2 PERFORMANCE VALIDATION REPORT.md"
"__NO_TAG__","docs\CNT v2 PHASE 1 MONITORING IMPLEMENTATION REPORT.md"
"__NO_TAG__","docs\CNT v2 PHASE 1 OPERATION MONITORING INSTRUCTION.md"
"__NO_TAG__","docs\CNT v2 POST-OPERATIONAL PATCH VALIDATION REPORT.md"
"__NO_TAG__","docs\CNT v2 POST-OPERATIONAL PATCH WORK INSTRUCTION.md"
"__NO_TAG__","docs\CNT v2 POST-READY DEGRADATION REVIEW.md"
"__NO_TAG__","docs\CNT v2 PRIORITY DECISION REPORT.md"
"__NO_TAG__","docs\CNT v2 PULLBACK-ONLY OBSERVATION WINDOW EXECUTION REPORT.md"
"__NO_TAG__","docs\CNT v2 RANKER REDESIGN REPORT.md"
"__NO_TAG__","docs\CNT v2 SCHEDULED DATA COLLECTION SETUP REPORT.md"
"__NO_TAG__","docs\CNT v2 SCHEDULED DATA COLLECTION SETUP.md"
"__NO_TAG__","docs\CNT v2 SHADOW SEMANTICS AND PORTFOLIO STATE PATCH REPORT.md"
"__NO_TAG__","docs\CNT v2 STAGE 3 RUNTIME OBSERVATION REPORT.md"
"__NO_TAG__","docs\CNT v2 STRATEGIC ANALYSIS PLAN.md"
"__NO_TAG__","docs\CNT v2 STRATEGY ISOLATION COMPARISON.md"
"__NO_TAG__","docs\CNT v2 TASK SCHEDULER REGISTRATION CHECKLIST.md"
"__NO_TAG__","docs\CNT v2 TEST HARNESS IMPLEMENTATION REPORT.md"
"__NO_TAG__","docs\CNT v2 TESTNET DATA COLLECTION INSTRUCTION.md"
"__NO_TAG__","docs\CNT v2 TESTNET DATA COLLECTION STATUS REPORT.md"
"__NO_TAG__","docs\CNT v2 TESTNET PERFORMANCE REPORT.md"
"__NO_TAG__","docs\CNT v2 VALIDATION CHECKLIST.md"
"__NO_TAG__","docs\CNT v2 VALIDATION REPORT.md"
"__NO_TAG__","docs\CNT VERSION CLASSIFICATION AND COLOR CODING GUIDE.md"
"__NO_TAG__","docs\CNT Version Classification Report.md"
"__NO_TAG__","docs\CNT_BREAKOUT_V1_ISOLATION_DECISION.md"
"__NO_TAG__","docs\CNT_OBSERVATION_PHASE_OPERATION_DISCIPLINE.md"
"__NO_TAG__","docs\CNT_OBSERVATION_REVIEW_TEMPLATE.md"
"__NO_TAG__","docs\CNT_POST_FIX_VALIDATION_CHECKLIST.md"
"__NO_TAG__","docs\cnt_v1_closure_validation_report.md"
"__NO_TAG__","docs\CNT_V3_OBSERVATION_INTERPRETATION_GUIDE.md"
"__NO_TAG__","docs\DESIGN SUMMARY.md"
"__NO_TAG__","docs\engine_runtime_validation_checklist_v1.md"
"__NO_TAG__","docs\EXTRA ITEMS REGISTER.md"
"__NO_TAG__","docs\gemma4_system_prompt.md"
"__NO_TAG__","docs\ko\CNT DATA DASHBOARD KO.md"
"__NO_TAG__","docs\ko\CNT DOCS KOREAN MIGRATION PLAN KO.md"
"__NO_TAG__","docs\ko\CNT DOCS KOREAN MIRROR POLICY KO.md"
"__NO_TAG__","docs\ko\CNT DOCUMENT LINK AND NAMING NORMALIZATION REPORT KO.md"
"__NO_TAG__","docs\ko\CNT GRAPH LINK SIMPLIFICATION REPORT KO.md"
"__NO_TAG__","docs\ko\CNT GRAPH VIEW COLOR CONFIGURATION KO.md"
"__NO_TAG__","docs\ko\CNT LINKS FIX REPORT KO.md"
"__NO_TAG__","docs\ko\CNT OBSIDIAN GRAPH HARD SIMPLIFICATION REPORT KO.md"
"__NO_TAG__","docs\ko\CNT OBSIDIAN PARENT-LINK SIMPLIFICATION REPORT KO.md"
"__NO_TAG__","docs\ko\CNT OBSIDIAN PLUGIN POLICY KO.md"
"__NO_TAG__","docs\ko\CNT OBSIDIAN VERSION VISUALIZATION CONFIGURATION KO.md"
"__NO_TAG__","docs\ko\CNT OPERATIONS DASHBOARD GUIDE KO.md"
"__NO_TAG__","docs\ko\CNT POST LIVE READY OPTIMIZATION MEMO KO.md"
"__NO_TAG__","docs\ko\CNT REPOSITORY CLEANUP REPORT KO.md"
"__NO_TAG__","docs\ko\CNT SYNTHETIC ARCHITECTURE RISK MEMO KO.md"
"__NO_TAG__","docs\ko\CNT TOOLCHAIN INTEGRATION REPORT KO.md"
"__NO_TAG__","docs\ko\CNT v1.1 ARCHITECTURE DESIGN DOCUMENT KO.md"
"__NO_TAG__","docs\ko\CNT v1.1 IMPLEMENTATION VALIDATION CHECKLIST KO.md"
"__NO_TAG__","docs\ko\CNT v1.1 IMPLEMENTATION VALIDATION REPORT KO.md"
"__NO_TAG__","docs\ko\CNT v1.1 IMPLEMENTATION WORK INSTRUCTION KO.md"
"__NO_TAG__","docs\ko\CNT v1.1 STAGE 2 ARCHITECTURE DESIGN DOCUMENT KO.md"
"__NO_TAG__","docs\ko\CNT v1.1 STAGE 2 IMPLEMENTATION VALIDATION CHECKLIST KO.md"
"__NO_TAG__","docs\ko\CNT v1.1 STAGE 2 IMPLEMENTATION VALIDATION REPORT KO.md"
"__NO_TAG__","docs\ko\CNT v1.1 STAGE 2 IMPLEMENTATION WORK INSTRUCTION KO.md"
"__NO_TAG__","docs\ko\CNT v2 ARCHITECTURE DESIGN DOCUMENT KO.md"
"__NO_TAG__","docs\ko\CNT v2 AUTO VALIDATION & DECISION SYSTEM PROGRESS REPORT KO.md"
"__NO_TAG__","docs\ko\CNT v2 AUTO VALIDATION & DECISION SYSTEM WORK INSTRUCTION KO.md"
"__NO_TAG__","docs\ko\CNT v2 BREAKOUT COMPLETION ALERT REPORT KO.md"
"__NO_TAG__","docs\ko\CNT v2 BREAKOUT FIRST TRADE REVIEW KO.md"
"__NO_TAG__","docs\ko\CNT v2 BREAKOUT ISOLATION FINAL REVIEW KO.md"
"__NO_TAG__","docs\ko\CNT v2 BREAKOUT ISOLATION MIDPOINT CHECK KO.md"
"__NO_TAG__","docs\ko\CNT v2 BREAKOUT ISOLATION OBSERVATION WINDOW SPEC KO.md"
"__NO_TAG__","docs\ko\CNT v2 BREAKOUT ISOLATION RUNTIME START KO.md"
"__NO_TAG__","docs\ko\CNT v2 BREAKOUT LAST 3 TRADES REVIEW KO.md"
"__NO_TAG__","docs\ko\CNT v2 BREAKOUT QUALITY EVALUATION REPORT KO.md"
"__NO_TAG__","docs\ko\CNT v2 BREAKOUT REVIEW TIMER PLAN KO.md"
"__NO_TAG__","docs\ko\CNT v2 BREAKOUT REVIEW TIMER REPORT KO.md"
"__NO_TAG__","docs\ko\CNT v2 BREAKOUT TIMER JUDGMENT REPORT KO.md"
"__NO_TAG__","docs\ko\CNT v2 BREAKOUT TREND FILTER CHANGE PLAN KO.md"
"__NO_TAG__","docs\ko\CNT v2 BREAKOUT TREND FILTER CHANGE REPORT KO.md"
"__NO_TAG__","docs\ko\CNT v2 BREAKOUT TREND FILTER REDESIGN PLAN KO.md"
"__NO_TAG__","docs\ko\CNT v2 BREAKOUT TREND FILTER REDESIGN REPORT KO.md"
"__NO_TAG__","docs\ko\CNT v2 BREAKOUT TREND FILTER REVIEW INSTRUCTION KO.md"
"__NO_TAG__","docs\ko\CNT v2 BREAKOUT TREND FILTER REVIEW REPORT KO.md"
"__NO_TAG__","docs\ko\CNT v2 BREAKOUT V1 ACTIVE ISOLATION DECISION KO.md"
"__NO_TAG__","docs\ko\CNT v2 BREAKOUT V1 ACTIVE ISOLATION IMPLEMENTATION REPORT KO.md"
"__NO_TAG__","docs\ko\CNT v2 BREAKOUT V2 CANDIDATE VALIDATION START KO.md"
"__NO_TAG__","docs\ko\CNT v2 BREAKOUT V2 DESIGN KO.md"
"__NO_TAG__","docs\ko\CNT v2 BREAKOUT V2 EXPANDED SHADOW OBSERVATION REVIEW KO.md"
"__NO_TAG__","docs\ko\CNT v2 BREAKOUT V2 FILTER STACK DECOMPOSITION REVIEW KO.md"
"__NO_TAG__","docs\ko\CNT v2 BREAKOUT V2 GATE REDUNDANCY REVIEW KO.md"
"__NO_TAG__","docs\ko\CNT v2 BREAKOUT V2 REDESIGN PREPARATION KO.md"
"__NO_TAG__","docs\ko\CNT v2 BREAKOUT V2 SHADOW RUNTIME IMPLEMENTATION KO.md"
"__NO_TAG__","docs\ko\CNT v2 BREAKOUT V2 SHADOW RUNTIME INTEGRATION KO.md"
"__NO_TAG__","docs\ko\CNT v2 BREAKOUT V2 SHADOW RUNTIME VERIFICATION KO.md"
"__NO_TAG__","docs\ko\CNT v2 BREAKOUT V2 SHADOW SCHEMA EXPANSION IMPLEMENTATION KO.md"
"__NO_TAG__","docs\ko\CNT v2 BREAKOUT V2 SHADOW SCHEMA EXPANSION PLAN KO.md"
"__NO_TAG__","docs\ko\CNT v2 BREAKOUT V2 SHADOW SCHEMA LIMITATION REVIEW KO.md"
"__NO_TAG__","docs\ko\CNT v2 BREAKOUT V2 SHADOW SNAPSHOT EXPANSION IMPLEMENTATION KO.md"
"__NO_TAG__","docs\ko\CNT v2 BREAKOUT V2 SHADOW VALIDATION SPEC KO.md"
"__NO_TAG__","docs\ko\CNT v2 BREAKOUT V2 STATUS RECLASSIFICATION KO.md"
"__NO_TAG__","docs\ko\CNT v2 BREAKOUT V2 VALIDATION WINDOW START KO.md"
"__NO_TAG__","docs\ko\CNT v2 BREAKOUT V2 VOLATILITY BLOCKED SUBSET REVIEW KO.md"
"__NO_TAG__","docs\ko\CNT v2 BREAKOUT V3 DESIGN DRAFT KO.md"
"__NO_TAG__","docs\ko\CNT v2 BREAKOUT V3 FIRST SHADOW OBSERVATION REVIEW KO.md"
"__NO_TAG__","docs\ko\CNT v2 BREAKOUT V3 SETUP BOTTLENECK ISOLATION REPORT KO.md"
"__NO_TAG__","docs\ko\CNT v2 BREAKOUT V3 SHADOW EVALUATOR IMPLEMENTATION REPORT KO.md"
"__NO_TAG__","docs\ko\CNT v2 BREAKOUT V3 SHADOW OBSERVATION WINDOW START KO.md"
"__NO_TAG__","docs\ko\CNT v2 BREAKOUT V3 SHADOW OUTPUT REBASELINE REPORT KO.md"
"__NO_TAG__","docs\ko\CNT v2 BREAKOUT V3 SHADOW RUNTIME INTEGRATION IMPLEMENTATION REPORT KO.md"
"__NO_TAG__","docs\ko\CNT v2 BREAKOUT V3 SHADOW RUNTIME ONE-SHOT VERIFICATION KO.md"
"__NO_TAG__","docs\ko\CNT v2 BREAKOUT V3 SHADOW VALIDATION RUNTIME INTEGRATION PLAN KO.md"
"__NO_TAG__","docs\ko\CNT v2 CANDIDATE RECOVERY STAGE 2 REPORT KO.md"
"__NO_TAG__","docs\ko\CNT v2 CURRENT STATUS ASSESSMENT KO.md"
"__NO_TAG__","docs\ko\CNT v2 DASHBOARD AUXILIARY RECOVERY VIEW REPORT KO.md"
"__NO_TAG__","docs\ko\CNT v2 DASHBOARD ESSENTIAL VIEW REFINEMENT REPORT KO.md"
"__NO_TAG__","docs\ko\CNT v2 DASHBOARD PATCH TARGET MAPPING KO.md"
"__NO_TAG__","docs\ko\CNT v2 DASHBOARD PULLBACK-ONLY OBSERVATION UPGRADE REPORT KO.md"
"__NO_TAG__","docs\ko\CNT v2 DASHBOARD SETUP BOTTLENECK ISOLATION UPGRADE REPORT KO.md"
"__NO_TAG__","docs\ko\CNT v2 DASHBOARD WARNING ENHANCEMENT INSTRUCTION KO.md"
"__NO_TAG__","docs\ko\CNT v2 DATA COLLECTION AND LIVE GATE VALIDATION REPORT KO.md"
"__NO_TAG__","docs\ko\CNT v2 ENGINE DECOMPOSITION DESIGN KO.md"
"__NO_TAG__","docs\ko\CNT v2 ENGINEERING PHASE PLAN KO.md"
"__NO_TAG__","docs\ko\CNT V2 EOL NORMALIZATION AND REPORT HARDENING REPORT KO.md"
"__NO_TAG__","docs\ko\CNT V2 EOL NORMALIZATION AND REPORT HARDENING WORK INSTRUCTION KO.md"
"__NO_TAG__","docs\ko\CNT v2 EXIT FAILSAFE OPERATION CHECKLIST KO.md"
"__NO_TAG__","docs\ko\CNT v2 EXIT FAILSAFE OPERATION REPORT KO.md"
"__NO_TAG__","docs\ko\CNT v2 EXIT FAILSAFE PATCH REPORT KO.md"
"__NO_TAG__","docs\ko\CNT v2 FRESH CYCLE OBSERVABILITY VALIDATION PLAN KO.md"
"__NO_TAG__","docs\ko\CNT v2 FRESH CYCLE OBSERVABILITY VALIDATION REPORT KO.md"
"__NO_TAG__","docs\ko\CNT v2 GATE DISPLAY ACTUAL PATCH SPEC KO.md"
"__NO_TAG__","docs\ko\CNT v2 GATE DISPLAY CONSISTENCY AUDIT KO.md"
"__NO_TAG__","docs\ko\CNT v2 IMPLEMENTATION HYGIENE CHECK KO.md"
"__NO_TAG__","docs\ko\CNT v2 IMPLEMENTATION WORK INSTRUCTION KO.md"
"__NO_TAG__","docs\ko\CNT v2 LIVE GATE ALIGNMENT REPORT KO.md"
"__NO_TAG__","docs\ko\CNT v2 LIVE READINESS REPORT KO.md"
"__NO_TAG__","docs\ko\CNT v2 LIVE READY POST-READINESS MONITORING PLAN KO.md"
"__NO_TAG__","docs\ko\CNT v2 LOGS FOLDER HYGIENE REPORT KO.md"
"__NO_TAG__","docs\ko\CNT v2 METRICS AND STRATEGY ATTRIBUTION FIX REPORT KO.md"
"__NO_TAG__","docs\ko\CNT v2 NEXT PHASE PLAN KO.md"
"__NO_TAG__","docs\ko\CNT v2 NEXT PHASE PLANNING REPORT KO.md"
"__NO_TAG__","docs\ko\CNT v2 OBSERVABILITY AGGREGATION PATCH REPORT KO.md"
"__NO_TAG__","docs\ko\CNT v2 OBSERVABILITY IMPLEMENTATION REPORT KO.md"
"__NO_TAG__","docs\ko\CNT v2 OBSERVABILITY PRIORITY PLAN KO.md"
"__NO_TAG__","docs\ko\CNT v2 OBSERVABILITY VALIDATION GATE KO.md"
"__NO_TAG__","docs\ko\CNT v2 OBSIDIAN INTEGRATED OPERATING PROTOCOL KO.md"
"__NO_TAG__","docs\ko\CNT v2 OBSIDIAN REVIEW WORKFLOW GUIDE KO.md"
"__NO_TAG__","docs\ko\CNT v2 OFFICIAL LIVE GATE RETENTION AND AUXILIARY RECOVERY PLAN KO.md"
"__NO_TAG__","docs\ko\CNT v2 OPERATIONAL ANALYSIS REPORT KO.md"
"__NO_TAG__","docs\ko\CNT v2 PATCH WORK INSTRUCTION KO.md"
"__NO_TAG__","docs\ko\CNT v2 PERFORMANCE TUNING LOG KO.md"
"__NO_TAG__","docs\ko\CNT v2 PERFORMANCE VALIDATION CHECKLIST KO.md"
"__NO_TAG__","docs\ko\CNT v2 PERFORMANCE VALIDATION REPORT KO.md"
"__NO_TAG__","docs\ko\CNT v2 PHASE 1 MONITORING IMPLEMENTATION REPORT KO.md"
"__NO_TAG__","docs\ko\CNT v2 PHASE 1 OPERATION MONITORING INSTRUCTION KO.md"
"__NO_TAG__","docs\ko\CNT v2 POST-OPERATIONAL PATCH VALIDATION REPORT KO.md"
"__NO_TAG__","docs\ko\CNT v2 POST-OPERATIONAL PATCH WORK INSTRUCTION KO.md"
"__NO_TAG__","docs\ko\CNT v2 POST-READY DEGRADATION REVIEW KO.md"
"__NO_TAG__","docs\ko\CNT v2 PRIORITY DECISION REPORT KO.md"
"__NO_TAG__","docs\ko\CNT v2 PULLBACK-ONLY OBSERVATION WINDOW EXECUTION REPORT KO.md"
"__NO_TAG__","docs\ko\CNT v2 RANKER REDESIGN REPORT KO.md"
"__NO_TAG__","docs\ko\CNT v2 SCHEDULED DATA COLLECTION SETUP KO.md"
"__NO_TAG__","docs\ko\CNT v2 SCHEDULED DATA COLLECTION SETUP REPORT KO.md"
"__NO_TAG__","docs\ko\CNT v2 SHADOW SEMANTICS AND PORTFOLIO STATE PATCH REPORT KO.md"
"__NO_TAG__","docs\ko\CNT v2 STAGE 3 RUNTIME OBSERVATION REPORT KO.md"
"__NO_TAG__","docs\ko\CNT v2 STRATEGIC ANALYSIS PLAN KO.md"
"__NO_TAG__","docs\ko\CNT v2 STRATEGY ISOLATION COMPARISON KO.md"
"__NO_TAG__","docs\ko\CNT v2 TASK SCHEDULER REGISTRATION CHECKLIST KO.md"
"__NO_TAG__","docs\ko\CNT v2 TEST HARNESS IMPLEMENTATION REPORT KO.md"
"__NO_TAG__","docs\ko\CNT v2 TESTNET DATA COLLECTION INSTRUCTION KO.md"
"__NO_TAG__","docs\ko\CNT v2 TESTNET DATA COLLECTION STATUS REPORT KO.md"
"__NO_TAG__","docs\ko\CNT v2 TESTNET PERFORMANCE REPORT KO.md"
"__NO_TAG__","docs\ko\CNT v2 VALIDATION CHECKLIST KO.md"
"__NO_TAG__","docs\ko\CNT v2 VALIDATION REPORT KO.md"
"__NO_TAG__","docs\ko\CNT VERSION CLASSIFICATION AND COLOR CODING GUIDE KO.md"
"__NO_TAG__","docs\ko\CNT VERSION CLASSIFICATION REPORT KO.md"
"__NO_TAG__","docs\ko\DESIGN SUMMARY KO.md"
"__NO_TAG__","docs\ko\RECORD TEXT KO.md"
"__NO_TAG__","docs\RECORD TEXT.md"
"__NO_TAG__","docs\rules.md"
"__NO_TAG__","docs\SHARING CHECKLIST.md"
"__NO_TAG__","docs\VALIDATION RESULT.md"
"__NO_TAG__","reports\breakout_v3_post_trend_setup_residual_trace.md"
"__NO_TAG__","reports\breakout_v3_setup_bottleneck_report.md"
"__NO_TAG__","reports\breakout_v3_setup_cluster_layer_isolation.md"
"__NO_TAG__","reports\breakout_v3_setup_market_context_split.md"
"__NO_TAG__","reports\breakout_v3_setup_root_cause_matrix.md"
"00 Docs Index","docs\00 Docs Index.md"
"00 Docs Index KO","docs\ko\00 Docs Index KO.md"
"aliases:","docs\00 Docs Index.md"
"aliases:","docs\CNT OBSIDIAN LINK PATH FIX REPORT 20260425.md"
"aliases:","docs\CNT_AUXILIARY_RECOVERY_STATUS_IMPLEMENTATION_20260425.md"
"aliases:","docs\CNT_NEXT_STEP_DATA_ANALYSIS_20260425.md"
"aliases:","docs\CNT_PROJECT_STATUS_RECHECK_20260425.md"
"aliases:","docs\ko\00 Docs Index KO.md"
"analysis","docs\CNT_NEXT_STEP_DATA_ANALYSIS_20260425.md"
"cleanup","docs\CNT_DOCUMENT_EMOJI_BAN_REPORT_20260426.md"
"cnt","00 CNT Vault Home.md"
"cnt","docs\00 Docs Index.md"
"cnt","docs\CNT OBSIDIAN LINK PATH FIX REPORT 20260425.md"
"cnt","docs\CNT OBSIDIAN LINK VALIDATION REPORT 20260425.md"
"cnt","docs\CNT v2 DASHBOARD CURRENT STATUS VIEW REPORT.md"
"cnt","docs\CNT v2 LIVE READINESS GATE.md"
"cnt","docs\CNT_ALL_TRADE_WIN_LOSS_FEATURE_DECOMPOSITION_20260426.md"
"cnt","docs\CNT_AUXILIARY_RECOVERY_STATUS_IMPLEMENTATION_20260425.md"
"cnt","docs\CNT_CONDITIONAL_EDGE_REPRODUCIBILITY_REVIEW_20260426.md"
"cnt","docs\CNT_CONTEXT_FILTER_EXPERIMENT_20260426.md"
"cnt","docs\CNT_DOCS_GATE_THRESHOLD_AND_ENCODING_RECOVERY_20260426.md"
"cnt","docs\CNT_DOCUMENT_EMOJI_BAN_REPORT_20260426.md"
"cnt","docs\CNT_ENCODING_CAUSE_AND_REPAIR_REPORT_20260426.md"
"cnt","docs\CNT_EXCHANGE_REPLAY_MARKET_CONTEXT_REVIEW_20260426.md"
"cnt","docs\CNT_EXTERNAL_EVALUATION_REVIEW_20260426.md"
"cnt","docs\CNT_FULL_FILTER_RERUN_READY_PREP_20260427.md"
"cnt","docs\CNT_GRAPH_VIEW_COLOR_CONFIGURATION_APPLICATION_20260427.md"
"cnt","docs\CNT_LIVE_GATE_THRESHOLD_50_UPDATE_20260426.md"
"cnt","docs\CNT_MARKET_CONTEXT_LOGGING_LAYER_IMPLEMENTATION_20260426.md"
"cnt","docs\CNT_NEXT_CONTEXT_FILTER_VALIDATION_20260426.md"
"cnt","docs\CNT_NEXT_STEP_DATA_ANALYSIS_20260425.md"
"cnt","docs\CNT_PARTIAL_EXIT_CONFIG_ALIGNMENT_REGISTER_20260426.md"
"cnt","docs\CNT_POSITIVE_EDGE_EVIDENCE_FROM_BLOCKED_STATE_20260426.md"
"cnt","docs\CNT_POST_LOGGING_PARTIAL_VALIDATION_20260427.md"
"cnt","docs\CNT_PRE_RUNUP_THRESHOLD_ANALYSIS_20260427.md"
"cnt","docs\CNT_PRECISION_ANALYSIS_REPORT_20260426.md"
"cnt","docs\CNT_PROJECT_STATUS_RECHECK_20260425.md"
"cnt","docs\CNT_PROJECT_STATUS_REPORT_20260426.md"
"cnt","docs\CNT_PULLBACK_MARKET_CONTEXT_ANALYSIS_20260426.md"
"cnt","docs\CNT_TRADE_BLOCK_AND_MARKET_CONTEXT_REVIEW_20260426.md"
"cnt","docs\ko\00 Docs Index KO.md"
"cnt","docs\ko\CNT OBSERVATION RESUME CHECK 20260425 2007 KO.md"
"cnt","docs\ko\CNT PROGRESS STATUS REPORT 20260426 0204 KO.md"
"cnt","docs\ko\CNT TARGET EXIT ORDER REPLACEMENT REPORT 20260425 KO.md"
"cnt","docs\ko\CNT TARGET EXIT PRICE FIX REPORT 20260425 KO.md"
"cnt","docs\ko\CNT TARGET EXIT PRICE MISMATCH REPORT 20260425 KO.md"
"cnt","docs\ko\CNT TRADING STATUS REPORT 20260425 1948 KO.md"
"cnt","docs\ko\CNT v2 LIVE READINESS GATE KO.md"
"CNT AUXILIARY RECOVERY STATUS IMPLEMENTATION 20260425","docs\CNT_AUXILIARY_RECOVERY_STATUS_IMPLEMENTATION_20260425.md"
"CNT NEXT STEP DATA ANALYSIS 20260425","docs\CNT_NEXT_STEP_DATA_ANALYSIS_20260425.md"
"CNT Obsidian Link Path Fix Report 20260425","docs\CNT OBSIDIAN LINK PATH FIX REPORT 20260425.md"
"CNT PROJECT STATUS RECHECK 20260425","docs\CNT_PROJECT_STATUS_RECHECK_20260425.md"
"config","docs\CNT_PARTIAL_EXIT_CONFIG_ALIGNMENT_REGISTER_20260426.md"
"configuration","docs\CNT_GRAPH_VIEW_COLOR_CONFIGURATION_APPLICATION_20260427.md"
"context-filter","docs\CNT_CONTEXT_FILTER_EXPERIMENT_20260426.md"
"context-filter","docs\CNT_NEXT_CONTEXT_FILTER_VALIDATION_20260426.md"
"created: 2026-04-25","docs\ko\CNT OBSERVATION RESUME CHECK 20260425 2007 KO.md"
"created: 2026-04-25","docs\ko\CNT TARGET EXIT ORDER REPLACEMENT REPORT 20260425 KO.md"
"created: 2026-04-25","docs\ko\CNT TARGET EXIT PRICE FIX REPORT 20260425 KO.md"
"created: 2026-04-25","docs\ko\CNT TARGET EXIT PRICE MISMATCH REPORT 20260425 KO.md"
"created: 2026-04-25","docs\ko\CNT TRADING STATUS REPORT 20260425 1948 KO.md"
"created: 2026-04-26","docs\CNT_ALL_TRADE_WIN_LOSS_FEATURE_DECOMPOSITION_20260426.md"
"created: 2026-04-26","docs\CNT_CONDITIONAL_EDGE_REPRODUCIBILITY_REVIEW_20260426.md"
"created: 2026-04-26","docs\CNT_CONTEXT_FILTER_EXPERIMENT_20260426.md"
"created: 2026-04-26","docs\CNT_DOCS_GATE_THRESHOLD_AND_ENCODING_RECOVERY_20260426.md"
"created: 2026-04-26","docs\CNT_DOCUMENT_EMOJI_BAN_REPORT_20260426.md"
"created: 2026-04-26","docs\CNT_ENCODING_CAUSE_AND_REPAIR_REPORT_20260426.md"
"created: 2026-04-26","docs\CNT_EXCHANGE_REPLAY_MARKET_CONTEXT_REVIEW_20260426.md"
"created: 2026-04-26","docs\CNT_EXTERNAL_EVALUATION_REVIEW_20260426.md"
"created: 2026-04-26","docs\CNT_LIVE_GATE_THRESHOLD_50_UPDATE_20260426.md"
"created: 2026-04-26","docs\CNT_MARKET_CONTEXT_LOGGING_LAYER_IMPLEMENTATION_20260426.md"
"created: 2026-04-26","docs\CNT_NEXT_CONTEXT_FILTER_VALIDATION_20260426.md"
"created: 2026-04-26","docs\CNT_PARTIAL_EXIT_CONFIG_ALIGNMENT_REGISTER_20260426.md"
"created: 2026-04-26","docs\CNT_POSITIVE_EDGE_EVIDENCE_FROM_BLOCKED_STATE_20260426.md"
"created: 2026-04-26","docs\CNT_PRECISION_ANALYSIS_REPORT_20260426.md"
"created: 2026-04-26","docs\CNT_PROJECT_STATUS_REPORT_20260426.md"
"created: 2026-04-26","docs\CNT_PULLBACK_MARKET_CONTEXT_ANALYSIS_20260426.md"
"created: 2026-04-26","docs\CNT_TRADE_BLOCK_AND_MARKET_CONTEXT_REVIEW_20260426.md"
"created: 2026-04-26","docs\ko\CNT PROGRESS STATUS REPORT 20260426 0204 KO.md"
"created: 2026-04-27","docs\CNT_FULL_FILTER_RERUN_READY_PREP_20260427.md"
"created: 2026-04-27","docs\CNT_GRAPH_VIEW_COLOR_CONFIGURATION_APPLICATION_20260427.md"
"created: 2026-04-27","docs\CNT_POST_LOGGING_PARTIAL_VALIDATION_20260427.md"
"created: 2026-04-27","docs\CNT_PRE_RUNUP_THRESHOLD_ANALYSIS_20260427.md"
"dashboard","docs\CNT v2 DASHBOARD CURRENT STATUS VIEW REPORT.md"
"dashboard","docs\CNT_LIVE_GATE_THRESHOLD_50_UPDATE_20260426.md"
"documentation","docs\CNT_DOCS_GATE_THRESHOLD_AND_ENCODING_RECOVERY_20260426.md"
"documentation","docs\CNT_DOCUMENT_EMOJI_BAN_REPORT_20260426.md"
"documentation","docs\CNT_ENCODING_CAUSE_AND_REPAIR_REPORT_20260426.md"
"edge-evidence","docs\CNT_POSITIVE_EDGE_EVIDENCE_FROM_BLOCKED_STATE_20260426.md"
"edge-validation","docs\CNT_CONDITIONAL_EDGE_REPRODUCIBILITY_REVIEW_20260426.md"
"encoding","docs\CNT_ENCODING_CAUSE_AND_REPAIR_REPORT_20260426.md"
"evaluation","docs\CNT_EXTERNAL_EVALUATION_REVIEW_20260426.md"
"evidence_time: 2026-04-26 14:34:05","docs\CNT_PRECISION_ANALYSIS_REPORT_20260426.md"
"exchange-replay","docs\CNT_EXCHANGE_REPLAY_MARKET_CONTEXT_REVIEW_20260426.md"
"exit","docs\ko\CNT TARGET EXIT ORDER REPLACEMENT REPORT 20260425 KO.md"
"exit","docs\ko\CNT TARGET EXIT PRICE FIX REPORT 20260425 KO.md"
"exit","docs\ko\CNT TARGET EXIT PRICE MISMATCH REPORT 20260425 KO.md"
"follow-up","docs\CNT_PARTIAL_EXIT_CONFIG_ALIGNMENT_REGISTER_20260426.md"
"full-filter-rerun","docs\CNT_FULL_FILTER_RERUN_READY_PREP_20260427.md"
"gate","docs\CNT v2 LIVE READINESS GATE.md"
"gate","docs\ko\CNT v2 LIVE READINESS GATE KO.md"
"graph-view","docs\CNT_GRAPH_VIEW_COLOR_CONFIGURATION_APPLICATION_20260427.md"
"home","00 CNT Vault Home.md"
"implementation","docs\CNT_AUXILIARY_RECOVERY_STATUS_IMPLEMENTATION_20260425.md"
"implementation-report","docs\ko\CNT TARGET EXIT PRICE FIX REPORT 20260425 KO.md"
"incident-review","docs\ko\CNT TARGET EXIT PRICE MISMATCH REPORT 20260425 KO.md"
"ko","docs\ko\00 Docs Index KO.md"
"ko","docs\ko\CNT OBSERVATION RESUME CHECK 20260425 2007 KO.md"
"ko","docs\ko\CNT PROGRESS STATUS REPORT 20260426 0204 KO.md"
"ko","docs\ko\CNT TARGET EXIT ORDER REPLACEMENT REPORT 20260425 KO.md"
"ko","docs\ko\CNT TARGET EXIT PRICE FIX REPORT 20260425 KO.md"
"ko","docs\ko\CNT TARGET EXIT PRICE MISMATCH REPORT 20260425 KO.md"
"ko","docs\ko\CNT TRADING STATUS REPORT 20260425 1948 KO.md"
"ko","docs\ko\CNT v2 LIVE READINESS GATE KO.md"
"ko","templates\ko\activation_review_checklist_ko.md"
"ko","templates\ko\allowed_signal_log_ko.md"
"ko","templates\ko\observation_review_ko.md"
"links","docs\CNT OBSIDIAN LINK VALIDATION REPORT 20260425.md"
"live-gate","docs\CNT_LIVE_GATE_THRESHOLD_50_UPDATE_20260426.md"
"live-readiness","docs\CNT v2 LIVE READINESS GATE.md"
"live-readiness","docs\CNT_DOCS_GATE_THRESHOLD_AND_ENCODING_RECOVERY_20260426.md"
"live-readiness","docs\ko\CNT v2 LIVE READINESS GATE KO.md"
"market-analysis","docs\CNT_PULLBACK_MARKET_CONTEXT_ANALYSIS_20260426.md"
"market-context","docs\CNT_ALL_TRADE_WIN_LOSS_FEATURE_DECOMPOSITION_20260426.md"
"market-context","docs\CNT_EXCHANGE_REPLAY_MARKET_CONTEXT_REVIEW_20260426.md"
"market-context","docs\CNT_MARKET_CONTEXT_LOGGING_LAYER_IMPLEMENTATION_20260426.md"
"market-context","docs\CNT_POSITIVE_EDGE_EVIDENCE_FROM_BLOCKED_STATE_20260426.md"
"market-context","docs\CNT_POST_LOGGING_PARTIAL_VALIDATION_20260427.md"
"market-context","docs\CNT_PRE_RUNUP_THRESHOLD_ANALYSIS_20260427.md"
"market-context","docs\CNT_TRADE_BLOCK_AND_MARKET_CONTEXT_REVIEW_20260426.md"
"next-phase","docs\CNT_NEXT_STEP_DATA_ANALYSIS_20260425.md"
"observability","docs\CNT_MARKET_CONTEXT_LOGGING_LAYER_IMPLEMENTATION_20260426.md"
"observation","docs\ko\CNT OBSERVATION RESUME CHECK 20260425 2007 KO.md"
"obsidian","docs\CNT OBSIDIAN LINK PATH FIX REPORT 20260425.md"
"obsidian","docs\CNT OBSIDIAN LINK VALIDATION REPORT 20260425.md"
"obsidian","docs\CNT_GRAPH_VIEW_COLOR_CONFIGURATION_APPLICATION_20260427.md"
"offline-experiment","docs\CNT_CONTEXT_FILTER_EXPERIMENT_20260426.md"
"offline-validation","docs\CNT_NEXT_CONTEXT_FILTER_VALIDATION_20260426.md"
"operations","docs\CNT v2 DASHBOARD CURRENT STATUS VIEW REPORT.md"
"operations-report","docs\ko\CNT TARGET EXIT ORDER REPLACEMENT REPORT 20260425 KO.md"
"partial-validation","docs\CNT_POST_LOGGING_PARTIAL_VALIDATION_20260427.md"
"policy","docs\CNT_DOCUMENT_EMOJI_BAN_REPORT_20260426.md"
"post-logging","docs\CNT_NEXT_CONTEXT_FILTER_VALIDATION_20260426.md"
"post-logging","docs\CNT_POST_LOGGING_PARTIAL_VALIDATION_20260427.md"
"precision-analysis","docs\CNT_PRECISION_ANALYSIS_REPORT_20260426.md"
"pre-runup","docs\CNT_PRE_RUNUP_THRESHOLD_ANALYSIS_20260427.md"
"progress-report","docs\ko\CNT PROGRESS STATUS REPORT 20260426 0204 KO.md"
"project-status","docs\CNT_EXTERNAL_EVALUATION_REVIEW_20260426.md"
"project-status","docs\CNT_PROJECT_STATUS_REPORT_20260426.md"
"pullback-v1","docs\CNT_CONTEXT_FILTER_EXPERIMENT_20260426.md"
"pullback-v1","docs\CNT_EXCHANGE_REPLAY_MARKET_CONTEXT_REVIEW_20260426.md"
"pullback-v1","docs\CNT_PULLBACK_MARKET_CONTEXT_ANALYSIS_20260426.md"
"readiness","docs\CNT_FULL_FILTER_RERUN_READY_PREP_20260427.md"
"recovery","docs\CNT v2 DASHBOARD CURRENT STATUS VIEW REPORT.md"
"recovery","docs\CNT_AUXILIARY_RECOVERY_STATUS_IMPLEMENTATION_20260425.md"
"recovery","docs\CNT_DOCS_GATE_THRESHOLD_AND_ENCODING_RECOVERY_20260426.md"
"recovery","docs\CNT_ENCODING_CAUSE_AND_REPAIR_REPORT_20260426.md"
"reproducibility","docs\CNT_CONDITIONAL_EDGE_REPRODUCIBILITY_REVIEW_20260426.md"
"review/activation","templates\activation_review_checklist.md"
"review/activation","templates\ko\activation_review_checklist_ko.md"
"review/observation","templates\ko\observation_review_ko.md"
"review/observation","templates\observation_review.md"
"risk","docs\CNT_PARTIAL_EXIT_CONFIG_ALIGNMENT_REGISTER_20260426.md"
"risk-review","docs\CNT_TRADE_BLOCK_AND_MARKET_CONTEXT_REVIEW_20260426.md"
"runtime","docs\CNT_PRECISION_ANALYSIS_REPORT_20260426.md"
"runtime","docs\CNT_PROJECT_STATUS_REPORT_20260426.md"
"runtime-check","docs\ko\CNT OBSERVATION RESUME CHECK 20260425 2007 KO.md"
"runtime-check","docs\ko\CNT PROGRESS STATUS REPORT 20260426 0204 KO.md"
"signal/allowed","templates\allowed_signal_log.md"
"signal/allowed","templates\ko\allowed_signal_log_ko.md"
"status","docs\CNT_PROJECT_STATUS_RECHECK_20260425.md"
"status: ACTIVE","docs\CNT v2 LIVE READINESS GATE.md"
"status: ACTIVE","docs\CNT_DOCS_GATE_THRESHOLD_AND_ENCODING_RECOVERY_20260426.md"
"status: ACTIVE","docs\CNT_DOCUMENT_EMOJI_BAN_REPORT_20260426.md"
"status: ACTIVE","docs\CNT_ENCODING_CAUSE_AND_REPAIR_REPORT_20260426.md"
"status: ACTIVE","docs\CNT_EXTERNAL_EVALUATION_REVIEW_20260426.md"
"status: ACTIVE","docs\CNT_LIVE_GATE_THRESHOLD_50_UPDATE_20260426.md"
"status: ACTIVE","docs\CNT_PARTIAL_EXIT_CONFIG_ALIGNMENT_REGISTER_20260426.md"
"status: ACTIVE","docs\CNT_PRECISION_ANALYSIS_REPORT_20260426.md"
"status: ACTIVE","docs\CNT_PROJECT_STATUS_REPORT_20260426.md"
"status: ACTIVE","docs\ko\CNT v2 LIVE READINESS GATE KO.md"
"status: validated","docs\ko\CNT TARGET EXIT PRICE FIX REPORT 20260425 KO.md"
"status: verified","docs\ko\CNT OBSERVATION RESUME CHECK 20260425 2007 KO.md"
"status: verified","docs\ko\CNT PROGRESS STATUS REPORT 20260426 0204 KO.md"
"status: verified","docs\ko\CNT TARGET EXIT ORDER REPLACEMENT REPORT 20260425 KO.md"
"status: verified","docs\ko\CNT TARGET EXIT PRICE MISMATCH REPORT 20260425 KO.md"
"status: verified","docs\ko\CNT TRADING STATUS REPORT 20260425 1948 KO.md"
"strategy/breakout_v3","templates\activation_review_checklist.md"
"strategy/breakout_v3","templates\allowed_signal_log.md"
"strategy/breakout_v3","templates\ko\activation_review_checklist_ko.md"
"strategy/breakout_v3","templates\ko\allowed_signal_log_ko.md"
"strategy/breakout_v3","templates\ko\observation_review_ko.md"
"strategy/breakout_v3","templates\observation_review.md"
"strategy-review","docs\CNT_EXTERNAL_EVALUATION_REVIEW_20260426.md"
"testnet","docs\CNT v2 LIVE READINESS GATE.md"
"testnet","docs\CNT_PRECISION_ANALYSIS_REPORT_20260426.md"
"testnet","docs\CNT_PROJECT_STATUS_REPORT_20260426.md"
"testnet","docs\ko\CNT TRADING STATUS REPORT 20260425 1948 KO.md"
"testnet","docs\ko\CNT v2 LIVE READINESS GATE KO.md"
"threshold-analysis","docs\CNT_PRE_RUNUP_THRESHOLD_ANALYSIS_20260427.md"
"trade-analysis","docs\CNT_ALL_TRADE_WIN_LOSS_FEATURE_DECOMPOSITION_20260426.md"
"trading-status","docs\ko\CNT TRADING STATUS REPORT 20260425 1948 KO.md"
"updated: 2026-04-26","docs\CNT v2 LIVE READINESS GATE.md"
"updated: 2026-04-26","docs\ko\CNT v2 LIVE READINESS GATE KO.md"
"updated: 2026-04-26 14:34:05","docs\CNT_PROJECT_STATUS_REPORT_20260426.md"
"validation","docs\CNT OBSIDIAN LINK PATH FIX REPORT 20260425.md"
"validation","docs\CNT OBSIDIAN LINK VALIDATION REPORT 20260425.md"
"validation","docs\CNT_LIVE_GATE_THRESHOLD_50_UPDATE_20260426.md"
"validation","docs\CNT_PROJECT_STATUS_RECHECK_20260425.md"
"vault","00 CNT Vault Home.md"
"win-loss","docs\CNT_ALL_TRADE_WIN_LOSS_FEATURE_DECOMPOSITION_20260426.md"
