"Name","Count"
"__NO_TAG__","310"
"cnt","38"
"created: 2026-04-26","18"
"ko","11"
"status: ACTIVE","10"
"market-context","7"
"strategy/breakout_v3","6"
"aliases:","6"
"created: 2026-04-25","5"
"status: verified","5"
"testnet","5"
"created: 2026-04-27","4"
"recovery","4"
"validation","4"
"documentation","3"
"exit","3"
"obsidian","3"
"pullback-v1","3"
"live-readiness","3"
"signal/allowed","2"
"project-status","2"
"runtime-check","2"
"review/activation","2"
"runtime","2"
"review/observation","2"
"post-logging","2"
"context-filter","2"
"updated: 2026-04-26","2"
"dashboard","2"
"gate","2"
"risk-review","1"
"market-analysis","1"
"operations","1"
"00 Docs Index KO","1"
"updated: 2026-04-26 14:34:05","1"
"pre-runup","1"
"precision-analysis","1"
"evidence_time: 2026-04-26 14:34:05","1"
"status","1"
"CNT PROJECT STATUS RECHECK 20260425","1"
"threshold-analysis","1"
"00 Docs Index","1"
"trading-status","1"
"incident-review","1"
"configuration","1"
"home","1"
"vault","1"
"status: validated","1"
"progress-report","1"
"links","1"
"observation","1"
"implementation-report","1"
"operations-report","1"
"CNT Obsidian Link Path Fix Report 20260425","1"
"strategy-review","1"
"implementation","1"
"evaluation","1"
"readiness","1"
"full-filter-rerun","1"
"CNT AUXILIARY RECOVERY STATUS IMPLEMENTATION 20260425","1"
"exchange-replay","1"
"edge-validation","1"
"reproducibility","1"
"offline-experiment","1"
"encoding","1"
"policy","1"
"cleanup","1"
"win-loss","1"
"follow-up","1"
"config","1"
"next-phase","1"
"partial-validation","1"
"edge-evidence","1"
"risk","1"
"CNT NEXT STEP DATA ANALYSIS 20260425","1"
"observability","1"
"live-gate","1"
"graph-view","1"
"analysis","1"
"trade-analysis","1"
"offline-validation","1"
